{
  "version": "5.9.2.1",
  "devices": [
    {
      "key": "shelly1",
      "name": "Haus",
      "host": "192.168.3.175",
      "em_id": 0
    },
    {
      "key": "shelly2",
      "name": "Server",
      "host": "192.168.3.189",
      "em_id": 0
    }
  ],
  "download": {
    "chunk_seconds": 43200,
    "overlap_seconds": 60,
    "timeout_seconds": 8,
    "retries": 3,
    "backoff_base_seconds": 1.5
  },
  "csv_pack": {
    "threshold_count": 120,
    "max_megabytes": 20,
    "remove_merged": false
  },
  "ui": {
    "live_poll_seconds": 1,
    "plot_redraw_seconds": 0.5,
    "live_window_minutes": 10,
    "autosync_enabled": false,
    "autosync_interval_hours": 12,
    "autosync_mode": "incremental",
    "live_web_enabled": true,
    "live_web_port": 8765,
    "live_web_refresh_seconds": 1,
    "live_web_token": "",
    "live_smoothing_enabled": false,
    "live_smoothing_seconds": 10,
    "device_page_index": 0,
    "language": "de",
    "telegram_enabled": false,
    "telegram_bot_token": "",
    "telegram_chat_id": "",
    "telegram_verify_ssl": true,
    "telegram_detail_level": "detailed",
    "telegram_daily_summary_enabled": false,
    "telegram_daily_summary_time": "00:00",
    "telegram_monthly_summary_enabled": false,
    "telegram_monthly_summary_time": "00:00",
    "telegram_daily_summary_last_sent": "",
    "telegram_monthly_summary_last_sent": "",
    "telegram_summary_load_w": 200.0,
    "live_daynight_mode": "all",
    "live_day_start": "06:00",
    "live_night_start": "22:00"
  },
  "pricing": {
    "electricity_price_eur_per_kwh": 0.3265,
    "price_includes_vat": true,
    "vat_enabled": true,
    "vat_rate_percent": 19,
    "base_fee_eur_per_year": 127.51,
    "base_fee_includes_vat": true
  },
  "billing": {
    "issuer": {
      "name": "Firma Muster GmbH",
      "address_lines": [
        "Musterstraße 1",
        "12345 Musterstadt"
      ],
      "vat_id": "DE000000000",
      "email": "",
      "phone": "",
      "iban": "",
      "bic": ""
    },
    "customer": {
      "name": "Kunde",
      "address_lines": [
        "Kundenstraße 1",
        "12345 Kundenstadt"
      ],
      "vat_id": "",
      "email": "",
      "phone": "",
      "iban": "",
      "bic": ""
    },
    "invoice_prefix": "INV",
    "payment_terms_days": 14
  },
  "demo": {
    "enabled": false,
    "scenario": "household",
    "seed": 1234
  },
  "updates": {
    "repo": "robeertm/shelly-energy-analyzer",
    "check_on_start": true,
    "auto_install": false
  }
}
